language	testTitle	position	type	topic	prompt	options	correct	pairs
Python	Backend-разработчик	1	SINGLE_CHOICE	Роль и задачи	Что в первую очередь делает специалист «Backend-разработчик»?	A=занимается только настройкой офисной почты|B=только рисует интерфейс в графическом редакторе|C=пишет только тексты для презентаций|D=создает серверную часть: API, бизнес-логику и работу с базой данных	D	
Python	Backend-разработчик	2	SINGLE_CHOICE	Инструменты	Какой инструмент чаще всего подходит для создания REST API на Python?	A=Photoshop|B=Figma|C=Django REST Framework|D=FastAPI	C	
Python	Backend-разработчик	3	SINGLE_CHOICE	Базовые понятия	Что лучше всего описывает понятие «модель»?	A=цветовая палитра приложения|B=случайная ошибка компилятора|C=адрес сайта в браузере|D=описание сущности, которая обычно связана с таблицей БД	D	
Python	Backend-разработчик	4	SINGLE_CHOICE	Базовые понятия	Зачем обычно используют «ORM»?	A=для выбора шрифта интерфейса|B=для сжатия изображений|C=подход, который позволяет работать с таблицами через объекты Python|D=для оплаты подписки	C	
Python	Backend-разработчик	5	SINGLE_CHOICE	Форматы и обмен данными	Какой формат или протокол чаще всего встречается в задачах этой роли?	A=MP3|B=PNG|C=DOCX|D=JSON	D	
Python	Backend-разработчик	6	SINGLE_CHOICE	Зависимости и окружение	Какой инструмент связан с зависимостями или окружением в этой категории?	A=Paint|B=Telegram|C=PowerPoint|D=pip	D	
Python	Backend-разработчик	7	MULTIPLE_CHOICE	Рабочие задачи	Какие задачи относятся к работе «Backend-разработчик»?	A=работать с базой данных|B=описывать бизнес-логику|C=создавать API-эндпоинты|D=рисовать финальные макеты интерфейса	A,B,C	
Python	Backend-разработчик	8	MULTIPLE_CHOICE	Качество работы	Какие действия помогают сделать результат работы надежнее?	A=не отдавать пароль пользователя в ответе API|B=хранить пароль открытым текстом|C=возвращать понятные HTTP-статусы|D=проверять входные данные	A,C,D	
Python	Backend-разработчик	9	MULTIPLE_CHOICE	Инструменты и данные	Какие элементы действительно могут использоваться в работе с Python?	A=Django REST Framework|B=PostgreSQL|C=FastAPI|D=монтаж видео в TikTok	A,B,C	
Python	Backend-разработчик	10	MULTIPLE_CHOICE	Понимание процесса	Что стоит сделать перед тем, как считать задачу готовой?	A=посмотреть, понятен ли результат пользователю|B=удалить проект после запуска|C=проверить работу на тестовых данных|D=убедиться, что нет очевидных ошибок	A,C,D	
Python	Backend-разработчик	11	MULTIPLE_CHOICE	Безопасность и ошибки	Какие действия помогают избежать типичных ошибок junior-разработчика?	A=читать сообщения об ошибках|B=не доверять непроверенным входным данным|C=игнорировать все предупреждения|D=обрабатывать ошибки	A,B,D	
Python	Backend-разработчик	12	MULTIPLE_CHOICE	Командная разработка	Что полезно делать при работе над проектом в команде?	A=менять чужой код без понимания задачи|B=оставлять комментарии там, где логика неочевидна|C=делать небольшие осмысленные изменения|D=писать понятные названия	B,C,D	
Python	Backend-разработчик	13	MATCHING	Термины и инструменты	Сопоставьте инструмент и его назначение.			DRF=>фреймворк для REST API в Django|ORM=>работа с БД через объекты|serializer=>преобразование данных в формат API|migration=>изменение структуры БД
Python	Backend-разработчик	14	MATCHING	Базовые понятия	Сопоставьте термин и описание.			GET=>получение данных|POST=>создание данных|PUT=>полное обновление|DELETE=>удаление данных
Python	Backend-разработчик	15	MATCHING	Процесс работы	Сопоставьте часть процесса и ее роль.			request=>запрос от клиента|view=>обработка запроса|model=>данные приложения|response=>ответ клиенту
Python	Backend-разработчик	16	SHORT_TEXT	Краткий ответ	Как называется формат, в котором часто передают данные между frontend и backend?		JSON	
Python	Backend-разработчик	17	SHORT_TEXT	Краткий ответ	Как называется архитектурный стиль API с ресурсами и HTTP-методами?		REST	
Python	Backend-разработчик	18	SHORT_TEXT	Краткий ответ	Какой инструмент Python часто используют для установки пакетов?		pip	
Python	Backend-разработчик	19	SHORT_TEXT	Краткий ответ	Как называется изменение структуры базы данных в Django?		миграция	
Python	Backend-разработчик	20	SHORT_TEXT	Краткий ответ	Как называется объект Django, который описывает таблицу базы данных?		модель	
Python	Backend-разработчик	21	SHORT_TEXT	Краткий ответ	Как называется файл со списком зависимостей Python-проекта?		requirements.txt	
Python	Data Analyst	1	SINGLE_CHOICE	Роль и задачи	Что в первую очередь делает специалист «Data Analyst»?	A=пишет только тексты для презентаций|B=анализирует данные, строит отчеты и ищет закономерности|C=занимается только настройкой офисной почты|D=только рисует интерфейс в графическом редакторе	B	
Python	Data Analyst	2	SINGLE_CHOICE	Инструменты	Какой инструмент чаще всего подходит для работы с таблицами и наборами данных?	A=NumPy|B=Photoshop|C=Figma|D=pandas	D	
Python	Data Analyst	3	SINGLE_CHOICE	Базовые понятия	Что лучше всего описывает понятие «DataFrame»?	A=цветовая палитра приложения|B=случайная ошибка компилятора|C=табличная структура данных в pandas|D=адрес сайта в браузере	C	
Python	Data Analyst	4	SINGLE_CHOICE	Базовые понятия	Зачем обычно используют «groupby»?	A=для оплаты подписки|B=для сжатия изображений|C=для выбора шрифта интерфейса|D=группировка строк для расчета показателей по группам	D	
Python	Data Analyst	5	SINGLE_CHOICE	Форматы и обмен данными	Какой формат или протокол чаще всего встречается в задачах этой роли?	A=CSV|B=MP3|C=PNG|D=DOCX	A	
Python	Data Analyst	6	SINGLE_CHOICE	Зависимости и окружение	Какой инструмент связан с зависимостями или окружением в этой категории?	A=Jupyter Notebook|B=PowerPoint|C=Telegram|D=Paint	A	
Python	Data Analyst	7	MULTIPLE_CHOICE	Рабочие задачи	Какие задачи относятся к работе «Data Analyst»?	A=очищать данные|B=настраивать маршрутизацию в мобильном приложении|C=писать SQL-запросы|D=строить отчеты и графики	A,C,D	
Python	Data Analyst	8	MULTIPLE_CHOICE	Качество работы	Какие действия помогают сделать результат работы надежнее?	A=сравнивать показатели по группам|B=делать вывод без проверки данных|C=подписывать оси графика|D=проверять пропуски в данных	A,C,D	
Python	Data Analyst	9	MULTIPLE_CHOICE	Инструменты и данные	Какие элементы действительно могут использоваться в работе с Python?	A=SQL|B=монтаж видео в TikTok|C=pandas|D=NumPy	A,C,D	
Python	Data Analyst	10	MULTIPLE_CHOICE	Понимание процесса	Что стоит сделать перед тем, как считать задачу готовой?	A=посмотреть, понятен ли результат пользователю|B=проверить работу на тестовых данных|C=убедиться, что нет очевидных ошибок|D=удалить проект после запуска	A,B,C	
Python	Data Analyst	11	MULTIPLE_CHOICE	Безопасность и ошибки	Какие действия помогают избежать типичных ошибок junior-разработчика?	A=не доверять непроверенным входным данным|B=игнорировать все предупреждения|C=обрабатывать ошибки|D=читать сообщения об ошибках	A,C,D	
Python	Data Analyst	12	MULTIPLE_CHOICE	Командная разработка	Что полезно делать при работе над проектом в команде?	A=менять чужой код без понимания задачи|B=оставлять комментарии там, где логика неочевидна|C=делать небольшие осмысленные изменения|D=писать понятные названия	B,C,D	
Python	Data Analyst	13	MATCHING	Термины и инструменты	Сопоставьте инструмент и его назначение.			pandas=>табличный анализ данных|NumPy=>численные массивы|Matplotlib=>построение графиков|SQL=>выборка данных из БД
Python	Data Analyst	14	MATCHING	Базовые понятия	Сопоставьте термин и описание.			mean=>среднее значение|median=>медиана|filter=>отбор строк|groupby=>группировка данных
Python	Data Analyst	15	MATCHING	Процесс работы	Сопоставьте часть процесса и ее роль.			загрузка данных=>получение CSV/таблицы|очистка=>обработка пропусков и дублей|анализ=>расчет метрик|визуализация=>графики и отчеты
Python	Data Analyst	16	SHORT_TEXT	Краткий ответ	Как называется табличная структура данных в pandas?		DataFrame	
Python	Data Analyst	17	SHORT_TEXT	Краткий ответ	Какой SQL-оператор объединяет таблицы?		JOIN	
Python	Data Analyst	18	SHORT_TEXT	Краткий ответ	Как называется удаление дублей и пропусков перед анализом?		очистка	
Python	Data Analyst	19	SHORT_TEXT	Краткий ответ	Как называется графическое представление данных?		визуализация	
Python	Data Analyst	20	SHORT_TEXT	Краткий ответ	Какой формат файла часто используют для таблиц с разделителями?		CSV	
Python	Data Analyst	21	SHORT_TEXT	Краткий ответ	Какой метод pandas часто используют для группировки данных?		groupby	
Java	Junior Java Developer	1	SINGLE_CHOICE	Роль и задачи	Что в первую очередь делает специалист «Junior Java Developer»?	A=занимается только настройкой офисной почты|B=разрабатывает серверные приложения, REST API и бизнес-логику на Java|C=пишет только тексты для презентаций|D=только рисует интерфейс в графическом редакторе	B	
Java	Junior Java Developer	2	SINGLE_CHOICE	Инструменты	Какой инструмент чаще всего подходит для быстрого создания Java-приложений и API?	A=Spring Boot|B=Photoshop|C=Figma|D=Hibernate	A	
Java	Junior Java Developer	3	SINGLE_CHOICE	Базовые понятия	Что лучше всего описывает понятие «класс»?	A=шаблон для создания объектов в Java|B=цветовая палитра приложения|C=адрес сайта в браузере|D=случайная ошибка компилятора	A	
Java	Junior Java Developer	4	SINGLE_CHOICE	Базовые понятия	Зачем обычно используют «интерфейс»?	A=для выбора шрифта интерфейса|B=для оплаты подписки|C=контракт с набором методов без привязки к конкретной реализации|D=для сжатия изображений	C	
Java	Junior Java Developer	5	SINGLE_CHOICE	Форматы и обмен данными	Какой формат или протокол чаще всего встречается в задачах этой роли?	A=MP3|B=PNG|C=JSON|D=DOCX	C	
Java	Junior Java Developer	6	SINGLE_CHOICE	Зависимости и окружение	Какой инструмент связан с зависимостями или окружением в этой категории?	A=Paint|B=PowerPoint|C=Telegram|D=Maven	D	
Java	Junior Java Developer	7	MULTIPLE_CHOICE	Рабочие задачи	Какие задачи относятся к работе «Junior Java Developer»?	A=работать с сервисным слоем|B=писать REST-контроллеры|C=сохранять данные через репозитории|D=рисовать иконки для интерфейса	A,B,C	
Java	Junior Java Developer	8	MULTIPLE_CHOICE	Качество работы	Какие действия помогают сделать результат работы надежнее?	A=разделять controller, service и repository|B=валидировать входные данные|C=обрабатывать исключения|D=смешивать SQL, HTML и бизнес-логику в одном методе	A,B,C	
Java	Junior Java Developer	9	MULTIPLE_CHOICE	Инструменты и данные	Какие элементы действительно могут использоваться в работе с Java?	A=Hibernate|B=Spring Boot|C=монтаж видео в TikTok|D=PostgreSQL	A,B,D	
Java	Junior Java Developer	10	MULTIPLE_CHOICE	Понимание процесса	Что стоит сделать перед тем, как считать задачу готовой?	A=удалить проект после запуска|B=убедиться, что нет очевидных ошибок|C=посмотреть, понятен ли результат пользователю|D=проверить работу на тестовых данных	B,C,D	
Java	Junior Java Developer	11	MULTIPLE_CHOICE	Безопасность и ошибки	Какие действия помогают избежать типичных ошибок junior-разработчика?	A=игнорировать все предупреждения|B=не доверять непроверенным входным данным|C=обрабатывать ошибки|D=читать сообщения об ошибках	B,C,D	
Java	Junior Java Developer	12	MULTIPLE_CHOICE	Командная разработка	Что полезно делать при работе над проектом в команде?	A=оставлять комментарии там, где логика неочевидна|B=делать небольшие осмысленные изменения|C=писать понятные названия|D=менять чужой код без понимания задачи	A,B,C	
Java	Junior Java Developer	13	MATCHING	Термины и инструменты	Сопоставьте инструмент и его назначение.			Spring Boot=>быстрый старт Java-приложения|Hibernate=>ORM для работы с БД|Maven=>сборка и зависимости|JUnit=>модульные тесты
Java	Junior Java Developer	14	MATCHING	Базовые понятия	Сопоставьте термин и описание.			class=>описание объекта|interface=>контракт методов|constructor=>создание объекта|exception=>ошибка во время выполнения
Java	Junior Java Developer	15	MATCHING	Процесс работы	Сопоставьте часть процесса и ее роль.			controller=>принимает HTTP-запрос|service=>содержит бизнес-логику|repository=>работает с данными|DTO=>передает данные между слоями
Java	Junior Java Developer	16	SHORT_TEXT	Краткий ответ	Как называется основной инструмент Spring для быстрого старта backend-приложения?		Spring Boot	
Java	Junior Java Developer	17	SHORT_TEXT	Краткий ответ	Как называется файл проекта Maven?		pom.xml	
Java	Junior Java Developer	18	SHORT_TEXT	Краткий ответ	Как называется контракт методов в Java?		интерфейс	
Java	Junior Java Developer	19	SHORT_TEXT	Краткий ответ	Как называется механизм обработки ошибок в Java?		исключения	
Java	Junior Java Developer	20	SHORT_TEXT	Краткий ответ	Как называется библиотека для тестов в Java?		JUnit	
Java	Junior Java Developer	21	SHORT_TEXT	Краткий ответ	Какой формат часто возвращает REST API?		JSON	
Java	Android Developer	1	SINGLE_CHOICE	Роль и задачи	Что в первую очередь делает специалист «Android Developer»?	A=занимается только настройкой офисной почты|B=разрабатывает мобильные приложения для Android|C=пишет только тексты для презентаций|D=только рисует интерфейс в графическом редакторе	B	
Java	Android Developer	2	SINGLE_CHOICE	Инструменты	Какой инструмент чаще всего подходит для создания Android-приложений?	A=Photoshop|B=XML layout|C=Figma|D=Android SDK	D	
Java	Android Developer	3	SINGLE_CHOICE	Базовые понятия	Что лучше всего описывает понятие «Activity»?	A=цветовая палитра приложения|B=адрес сайта в браузере|C=экран приложения или точка взаимодействия с пользователем|D=случайная ошибка компилятора	C	
Java	Android Developer	4	SINGLE_CHOICE	Базовые понятия	Зачем обычно используют «Intent»?	A=для оплаты подписки|B=объект для перехода между экранами или передачи действия системе|C=для выбора шрифта интерфейса|D=для сжатия изображений	B	
Java	Android Developer	5	SINGLE_CHOICE	Форматы и обмен данными	Какой формат или протокол чаще всего встречается в задачах этой роли?	A=MP3|B=PNG|C=DOCX|D=JSON	D	
Java	Android Developer	6	SINGLE_CHOICE	Зависимости и окружение	Какой инструмент связан с зависимостями или окружением в этой категории?	A=Telegram|B=Paint|C=PowerPoint|D=Gradle	D	
Java	Android Developer	7	MULTIPLE_CHOICE	Рабочие задачи	Какие задачи относятся к работе «Android Developer»?	A=обрабатывать действия пользователя|B=администрировать сетевое оборудование|C=получать данные через API|D=создавать экраны приложения	A,C,D	
Java	Android Developer	8	MULTIPLE_CHOICE	Качество работы	Какие действия помогают сделать результат работы надежнее?	A=не выполнять долгие операции в UI-потоке|B=хранить токен доступа в открытом виде в коде|C=проверять разрешения приложения|D=обрабатывать поворот экрана	A,C,D	
Java	Android Developer	9	MULTIPLE_CHOICE	Инструменты и данные	Какие элементы действительно могут использоваться в работе с Java?	A=Android SDK|B=SQLite|C=монтаж видео в TikTok|D=XML layout	A,B,D	
Java	Android Developer	10	MULTIPLE_CHOICE	Понимание процесса	Что стоит сделать перед тем, как считать задачу готовой?	A=удалить проект после запуска|B=проверить работу на тестовых данных|C=посмотреть, понятен ли результат пользователю|D=убедиться, что нет очевидных ошибок	B,C,D	
Java	Android Developer	11	MULTIPLE_CHOICE	Безопасность и ошибки	Какие действия помогают избежать типичных ошибок junior-разработчика?	A=обрабатывать ошибки|B=игнорировать все предупреждения|C=не доверять непроверенным входным данным|D=читать сообщения об ошибках	A,C,D	
Java	Android Developer	12	MULTIPLE_CHOICE	Командная разработка	Что полезно делать при работе над проектом в команде?	A=писать понятные названия|B=делать небольшие осмысленные изменения|C=оставлять комментарии там, где логика неочевидна|D=менять чужой код без понимания задачи	A,B,C	
Java	Android Developer	13	MATCHING	Термины и инструменты	Сопоставьте инструмент и его назначение.			Activity=>экран приложения|Intent=>переход или действие|Gradle=>сборка проекта|RecyclerView=>список элементов
Java	Android Developer	14	MATCHING	Базовые понятия	Сопоставьте термин и описание.			onCreate=>первичная инициализация экрана|View=>элемент интерфейса|Adapter=>связь данных со списком|Manifest=>настройки приложения
Java	Android Developer	15	MATCHING	Процесс работы	Сопоставьте часть процесса и ее роль.			layout=>описание UI|Activity=>логика экрана|API client=>загрузка данных|RecyclerView=>отображение списка
Java	Android Developer	16	SHORT_TEXT	Краткий ответ	Как называется экран Android-приложения?		Activity	
Java	Android Developer	17	SHORT_TEXT	Краткий ответ	Как называется файл сборки Android-проекта?		Gradle	
Java	Android Developer	18	SHORT_TEXT	Краткий ответ	Как называется объект для перехода между экранами?		Intent	
Java	Android Developer	19	SHORT_TEXT	Краткий ответ	Как называется список элементов в Android?		RecyclerView	
Java	Android Developer	20	SHORT_TEXT	Краткий ответ	Какой формат часто приходит от API?		JSON	
Java	Android Developer	21	SHORT_TEXT	Краткий ответ	Как называется файл с настройками приложения Android?		Manifest	
C++	Junior C++ Developer	1	SINGLE_CHOICE	Роль и задачи	Что в первую очередь делает специалист «Junior C++ Developer»?	A=только рисует интерфейс в графическом редакторе|B=занимается только настройкой офисной почты|C=пишет только тексты для презентаций|D=пишет программы на C++, использует ООП, STL и базовые алгоритмы	D	
C++	Junior C++ Developer	2	SINGLE_CHOICE	Инструменты	Какой инструмент чаще всего подходит для использования готовых контейнеров и алгоритмов?	A=Photoshop|B=Figma|C=STL|D=vector	C	
C++	Junior C++ Developer	3	SINGLE_CHOICE	Базовые понятия	Что лучше всего описывает понятие «указатель»?	A=цветовая палитра приложения|B=случайная ошибка компилятора|C=переменная, которая хранит адрес в памяти|D=адрес сайта в браузере	C	
C++	Junior C++ Developer	4	SINGLE_CHOICE	Базовые понятия	Зачем обычно используют «ссылка»?	A=псевдоним уже существующей переменной|B=для выбора шрифта интерфейса|C=для оплаты подписки|D=для сжатия изображений	A	
C++	Junior C++ Developer	5	SINGLE_CHOICE	Форматы и обмен данными	Какой формат или протокол чаще всего встречается в задачах этой роли?	A=DOCX|B=class|C=PNG|D=MP3	B	
C++	Junior C++ Developer	6	SINGLE_CHOICE	Зависимости и окружение	Какой инструмент связан с зависимостями или окружением в этой категории?	A=PowerPoint|B=Paint|C=CMake|D=Telegram	C	
C++	Junior C++ Developer	7	MULTIPLE_CHOICE	Рабочие задачи	Какие задачи относятся к работе «Junior C++ Developer»?	A=писать классы и методы|B=разбирать базовые алгоритмы|C=работать с контейнерами STL|D=настраивать рекламные кампании	A,B,C	
C++	Junior C++ Developer	8	MULTIPLE_CHOICE	Качество работы	Какие действия помогают сделать результат работы надежнее?	A=читать неинициализированную память|B=использовать const там, где данные не меняются|C=освобождать ресурсы безопасно|D=инициализировать переменные	B,C,D	
C++	Junior C++ Developer	9	MULTIPLE_CHOICE	Инструменты и данные	Какие элементы действительно могут использоваться в работе с C++?	A=STL|B=монтаж видео в TikTok|C=vector|D=файлы	A,C,D	
C++	Junior C++ Developer	10	MULTIPLE_CHOICE	Понимание процесса	Что стоит сделать перед тем, как считать задачу готовой?	A=убедиться, что нет очевидных ошибок|B=проверить работу на тестовых данных|C=посмотреть, понятен ли результат пользователю|D=удалить проект после запуска	A,B,C	
C++	Junior C++ Developer	11	MULTIPLE_CHOICE	Безопасность и ошибки	Какие действия помогают избежать типичных ошибок junior-разработчика?	A=читать сообщения об ошибках|B=не доверять непроверенным входным данным|C=игнорировать все предупреждения|D=обрабатывать ошибки	A,B,D	
C++	Junior C++ Developer	12	MULTIPLE_CHOICE	Командная разработка	Что полезно делать при работе над проектом в команде?	A=делать небольшие осмысленные изменения|B=менять чужой код без понимания задачи|C=писать понятные названия|D=оставлять комментарии там, где логика неочевидна	A,C,D	
C++	Junior C++ Developer	13	MATCHING	Термины и инструменты	Сопоставьте инструмент и его назначение.			vector=>динамический массив|map=>словарь ключ-значение|string=>строка|sort=>сортировка элементов
C++	Junior C++ Developer	14	MATCHING	Базовые понятия	Сопоставьте термин и описание.			pointer=>хранит адрес|reference=>псевдоним переменной|class=>описание типа объекта|constructor=>инициализация объекта
C++	Junior C++ Developer	15	MATCHING	Процесс работы	Сопоставьте часть процесса и ее роль.			header=>объявления|source=>реализация|compiler=>перевод в машинный код|linker=>сборка частей программы
C++	Junior C++ Developer	16	SHORT_TEXT	Краткий ответ	Как называется стандартная библиотека контейнеров и алгоритмов C++?		STL	
C++	Junior C++ Developer	17	SHORT_TEXT	Краткий ответ	Как называется переменная, которая хранит адрес?		указатель	
C++	Junior C++ Developer	18	SHORT_TEXT	Краткий ответ	Какой контейнер C++ похож на динамический массив?		vector	
C++	Junior C++ Developer	19	SHORT_TEXT	Краткий ответ	Как называется метод, который вызывается при создании объекта?		конструктор	
C++	Junior C++ Developer	20	SHORT_TEXT	Краткий ответ	Как называется ключевое слово для неизменяемых данных?		const	
C++	Junior C++ Developer	21	SHORT_TEXT	Краткий ответ	Как называется инструмент для сборки C++-проектов?		CMake	
C++	Embedded Developer	1	SINGLE_CHOICE	Роль и задачи	Что в первую очередь делает специалист «Embedded Developer»?	A=занимается только настройкой офисной почты|B=пишет только тексты для презентаций|C=только рисует интерфейс в графическом редакторе|D=пишет код для микроконтроллеров и устройств с ограниченными ресурсами	D	
C++	Embedded Developer	2	SINGLE_CHOICE	Инструменты	Какой инструмент чаще всего подходит для управления электронным устройством?	A=GPIO|B=Photoshop|C=Figma|D=микроконтроллер	D	
C++	Embedded Developer	3	SINGLE_CHOICE	Базовые понятия	Что лучше всего описывает понятие «регистр»?	A=цветовая палитра приложения|B=адрес сайта в браузере|C=случайная ошибка компилятора|D=область памяти для управления аппаратным модулем	D	
C++	Embedded Developer	4	SINGLE_CHOICE	Базовые понятия	Зачем обычно используют «прерывание»?	A=реакция процессора на внешнее или внутреннее событие|B=для сжатия изображений|C=для выбора шрифта интерфейса|D=для оплаты подписки	A	
C++	Embedded Developer	5	SINGLE_CHOICE	Форматы и обмен данными	Какой формат или протокол чаще всего встречается в задачах этой роли?	A=PNG|B=бит|C=DOCX|D=MP3	B	
C++	Embedded Developer	6	SINGLE_CHOICE	Зависимости и окружение	Какой инструмент связан с зависимостями или окружением в этой категории?	A=PowerPoint|B=CMake|C=Telegram|D=Paint	B	
C++	Embedded Developer	7	MULTIPLE_CHOICE	Рабочие задачи	Какие задачи относятся к работе «Embedded Developer»?	A=читать данные с датчиков|B=следить за памятью и временем выполнения|C=управлять выводами GPIO|D=создавать рекламные баннеры	A,B,C	
C++	Embedded Developer	8	MULTIPLE_CHOICE	Качество работы	Какие действия помогают сделать результат работы надежнее?	A=учитывать ограниченную память|B=игнорировать задержки и тайминги устройства|C=избегать лишних динамических выделений|D=обрабатывать ошибки периферии	A,C,D	
C++	Embedded Developer	9	MULTIPLE_CHOICE	Инструменты и данные	Какие элементы действительно могут использоваться в работе с C++?	A=Flash|B=монтаж видео в TikTok|C=микроконтроллер|D=GPIO	A,C,D	
C++	Embedded Developer	10	MULTIPLE_CHOICE	Понимание процесса	Что стоит сделать перед тем, как считать задачу готовой?	A=удалить проект после запуска|B=посмотреть, понятен ли результат пользователю|C=проверить работу на тестовых данных|D=убедиться, что нет очевидных ошибок	B,C,D	
C++	Embedded Developer	11	MULTIPLE_CHOICE	Безопасность и ошибки	Какие действия помогают избежать типичных ошибок junior-разработчика?	A=не доверять непроверенным входным данным|B=игнорировать все предупреждения|C=обрабатывать ошибки|D=читать сообщения об ошибках	A,C,D	
C++	Embedded Developer	12	MULTIPLE_CHOICE	Командная разработка	Что полезно делать при работе над проектом в команде?	A=делать небольшие осмысленные изменения|B=писать понятные названия|C=оставлять комментарии там, где логика неочевидна|D=менять чужой код без понимания задачи	A,B,C	
C++	Embedded Developer	13	MATCHING	Термины и инструменты	Сопоставьте инструмент и его назначение.			GPIO=>цифровой вход/выход|UART=>последовательный обмен данными|Flash=>постоянная память|Timer=>измерение времени
C++	Embedded Developer	14	MATCHING	Базовые понятия	Сопоставьте термин и описание.			interrupt=>прерывание выполнения|register=>управление аппаратным модулем|volatile=>значение может измениться извне|PWM=>управление сигналом по ширине импульса
C++	Embedded Developer	15	MATCHING	Процесс работы	Сопоставьте часть процесса и ее роль.			датчик=>источник данных|микроконтроллер=>обработка сигнала|прошивка=>программа устройства|отладчик=>поиск ошибок на плате
C++	Embedded Developer	16	SHORT_TEXT	Краткий ответ	Как называется цифровой вход или выход микроконтроллера?		GPIO	
C++	Embedded Developer	17	SHORT_TEXT	Краткий ответ	Какое ключевое слово используют для переменных, меняющихся извне?		volatile	
C++	Embedded Developer	18	SHORT_TEXT	Краткий ответ	Как называется реакция процессора на событие?		прерывание	
C++	Embedded Developer	19	SHORT_TEXT	Краткий ответ	Как называется программа, записанная в устройство?		прошивка	
C++	Embedded Developer	20	SHORT_TEXT	Краткий ответ	Какой интерфейс часто используют для последовательной передачи данных?		UART	
C++	Embedded Developer	21	SHORT_TEXT	Краткий ответ	Как называется постоянная память микроконтроллера?		Flash	
C#	Junior C#/.NET Developer	1	SINGLE_CHOICE	Роль и задачи	Что в первую очередь делает специалист «Junior C#/.NET Developer»?	A=пишет только тексты для презентаций|B=создает web-приложения, API и бизнес-логику на C#/.NET|C=занимается только настройкой офисной почты|D=только рисует интерфейс в графическом редакторе	B	
C#	Junior C#/.NET Developer	2	SINGLE_CHOICE	Инструменты	Какой инструмент чаще всего подходит для создания web-приложений и REST API?	A=Photoshop|B=Figma|C=Entity Framework Core|D=ASP.NET Core	D	
C#	Junior C#/.NET Developer	3	SINGLE_CHOICE	Базовые понятия	Что лучше всего описывает понятие «класс»?	A=случайная ошибка компилятора|B=цветовая палитра приложения|C=описание объекта в C#|D=адрес сайта в браузере	C	
C#	Junior C#/.NET Developer	4	SINGLE_CHOICE	Базовые понятия	Зачем обычно используют «LINQ»?	A=синтаксис запросов к коллекциям и данным|B=для сжатия изображений|C=для оплаты подписки|D=для выбора шрифта интерфейса	A	
C#	Junior C#/.NET Developer	5	SINGLE_CHOICE	Форматы и обмен данными	Какой формат или протокол чаще всего встречается в задачах этой роли?	A=JSON|B=DOCX|C=PNG|D=MP3	A	
C#	Junior C#/.NET Developer	6	SINGLE_CHOICE	Зависимости и окружение	Какой инструмент связан с зависимостями или окружением в этой категории?	A=PowerPoint|B=NuGet|C=Paint|D=Telegram	B	
C#	Junior C#/.NET Developer	7	MULTIPLE_CHOICE	Рабочие задачи	Какие задачи относятся к работе «Junior C#/.NET Developer»?	A=работать с базой данных|B=рисовать 3D-модели персонажей|C=писать сервисную логику|D=создавать контроллеры API	A,C,D	
C#	Junior C#/.NET Developer	8	MULTIPLE_CHOICE	Качество работы	Какие действия помогают сделать результат работы надежнее?	A=валидировать входные модели|B=хранить секреты прямо в коде|C=разделять слои приложения|D=использовать dependency injection	A,C,D	
C#	Junior C#/.NET Developer	9	MULTIPLE_CHOICE	Инструменты и данные	Какие элементы действительно могут использоваться в работе с C#?	A=монтаж видео в TikTok|B=Entity Framework Core|C=ASP.NET Core|D=SQL Server	B,C,D	
C#	Junior C#/.NET Developer	10	MULTIPLE_CHOICE	Понимание процесса	Что стоит сделать перед тем, как считать задачу готовой?	A=посмотреть, понятен ли результат пользователю|B=убедиться, что нет очевидных ошибок|C=удалить проект после запуска|D=проверить работу на тестовых данных	A,B,D	
C#	Junior C#/.NET Developer	11	MULTIPLE_CHOICE	Безопасность и ошибки	Какие действия помогают избежать типичных ошибок junior-разработчика?	A=игнорировать все предупреждения|B=не доверять непроверенным входным данным|C=обрабатывать ошибки|D=читать сообщения об ошибках	B,C,D	
C#	Junior C#/.NET Developer	12	MULTIPLE_CHOICE	Командная разработка	Что полезно делать при работе над проектом в команде?	A=делать небольшие осмысленные изменения|B=писать понятные названия|C=менять чужой код без понимания задачи|D=оставлять комментарии там, где логика неочевидна	A,B,D	
C#	Junior C#/.NET Developer	13	MATCHING	Термины и инструменты	Сопоставьте инструмент и его назначение.			ASP.NET Core=>web API и backend|EF Core=>ORM для БД|LINQ=>запросы к данным|NuGet=>пакеты и зависимости
C#	Junior C#/.NET Developer	14	MATCHING	Базовые понятия	Сопоставьте термин и описание.			controller=>принимает HTTP-запрос|service=>бизнес-логика|model=>данные приложения|DTO=>объект передачи данных
C#	Junior C#/.NET Developer	15	MATCHING	Процесс работы	Сопоставьте часть процесса и ее роль.			request=>запрос клиента|controller=>точка входа API|database=>хранение данных|response=>ответ клиенту
C#	Junior C#/.NET Developer	16	SHORT_TEXT	Краткий ответ	Как называется web-фреймворк .NET для API?		ASP.NET Core	
C#	Junior C#/.NET Developer	17	SHORT_TEXT	Краткий ответ	Как называется менеджер пакетов в .NET?		NuGet	
C#	Junior C#/.NET Developer	18	SHORT_TEXT	Краткий ответ	Как называется технология запросов к коллекциям в C#?		LINQ	
C#	Junior C#/.NET Developer	19	SHORT_TEXT	Краткий ответ	Как называется ORM для .NET?		EF Core	
C#	Junior C#/.NET Developer	20	SHORT_TEXT	Краткий ответ	Какой формат часто возвращает REST API?		JSON	
C#	Junior C#/.NET Developer	21	SHORT_TEXT	Краткий ответ	Как называется внедрение зависимостей?		DI	
C#	Unity Developer	1	SINGLE_CHOICE	Роль и задачи	Что в первую очередь делает специалист «Unity Developer»?	A=пишет только тексты для презентаций|B=создает игровую логику, сцены и взаимодействие объектов в Unity|C=только рисует интерфейс в графическом редакторе|D=занимается только настройкой офисной почты	B	
C#	Unity Developer	2	SINGLE_CHOICE	Инструменты	Какой инструмент чаще всего подходит для создания игр и интерактивных приложений?	A=Photoshop|B=MonoBehaviour|C=Unity|D=Figma	C	
C#	Unity Developer	3	SINGLE_CHOICE	Базовые понятия	Что лучше всего описывает понятие «GameObject»?	A=адрес сайта в браузере|B=объект на сцене Unity|C=цветовая палитра приложения|D=случайная ошибка компилятора	B	
C#	Unity Developer	4	SINGLE_CHOICE	Базовые понятия	Зачем обычно используют «Prefab»?	A=для оплаты подписки|B=для выбора шрифта интерфейса|C=для сжатия изображений|D=шаблон объекта, который можно переиспользовать	D	
C#	Unity Developer	5	SINGLE_CHOICE	Форматы и обмен данными	Какой формат или протокол чаще всего встречается в задачах этой роли?	A=MP3|B=DOCX|C=Scene|D=PNG	C	
C#	Unity Developer	6	SINGLE_CHOICE	Зависимости и окружение	Какой инструмент связан с зависимостями или окружением в этой категории?	A=Telegram|B=Paint|C=Unity Package Manager|D=PowerPoint	C	
C#	Unity Developer	7	MULTIPLE_CHOICE	Рабочие задачи	Какие задачи относятся к работе «Unity Developer»?	A=писать скрипты поведения|B=настраивать банковские транзакции в БД|C=обрабатывать столкновения и ввод|D=настраивать сцены	A,C,D	
C#	Unity Developer	8	MULTIPLE_CHOICE	Качество работы	Какие действия помогают сделать результат работы надежнее?	A=использовать компоненты|B=выносить повторяемые объекты в Prefab|C=проверять производительность сцены|D=создавать все объекты только вручную в коде без структуры	A,B,C	
C#	Unity Developer	9	MULTIPLE_CHOICE	Инструменты и данные	Какие элементы действительно могут использоваться в работе с C#?	A=MonoBehaviour|B=PlayerPrefs|C=монтаж видео в TikTok|D=Unity	A,B,D	
C#	Unity Developer	10	MULTIPLE_CHOICE	Понимание процесса	Что стоит сделать перед тем, как считать задачу готовой?	A=посмотреть, понятен ли результат пользователю|B=удалить проект после запуска|C=убедиться, что нет очевидных ошибок|D=проверить работу на тестовых данных	A,C,D	
C#	Unity Developer	11	MULTIPLE_CHOICE	Безопасность и ошибки	Какие действия помогают избежать типичных ошибок junior-разработчика?	A=не доверять непроверенным входным данным|B=читать сообщения об ошибках|C=обрабатывать ошибки|D=игнорировать все предупреждения	A,B,C	
C#	Unity Developer	12	MULTIPLE_CHOICE	Командная разработка	Что полезно делать при работе над проектом в команде?	A=менять чужой код без понимания задачи|B=писать понятные названия|C=делать небольшие осмысленные изменения|D=оставлять комментарии там, где логика неочевидна	B,C,D	
C#	Unity Developer	13	MATCHING	Термины и инструменты	Сопоставьте инструмент и его назначение.			GameObject=>объект на сцене|Component=>часть поведения объекта|Prefab=>шаблон объекта|Scene=>уровень или экран игры
C#	Unity Developer	14	MATCHING	Базовые понятия	Сопоставьте термин и описание.			Start=>выполняется при запуске объекта|Update=>вызывается каждый кадр|Collider=>область столкновения|Rigidbody=>физическое тело
C#	Unity Developer	15	MATCHING	Процесс работы	Сопоставьте часть процесса и ее роль.			Input=>действие игрока|Script=>логика поведения|Scene=>пространство игры|Build=>сборка проекта
C#	Unity Developer	16	SHORT_TEXT	Краткий ответ	Как называется объект на сцене Unity?		GameObject	
C#	Unity Developer	17	SHORT_TEXT	Краткий ответ	Как называется шаблон переиспользуемого объекта?		Prefab	
C#	Unity Developer	18	SHORT_TEXT	Краткий ответ	Какой метод вызывается каждый кадр?		Update	
C#	Unity Developer	19	SHORT_TEXT	Краткий ответ	Как называется компонент физического тела?		Rigidbody	
C#	Unity Developer	20	SHORT_TEXT	Краткий ответ	Как называется область столкновения объекта?		Collider	
C#	Unity Developer	21	SHORT_TEXT	Краткий ответ	Как называется базовый класс для скриптов Unity?		MonoBehaviour	
SQL	Junior Data Analyst	1	SINGLE_CHOICE	Роль и задачи	Что в первую очередь делает специалист «Junior Data Analyst»?	A=занимается только настройкой офисной почты|B=пишет SQL-запросы, анализирует данные и готовит отчеты|C=пишет только тексты для презентаций|D=только рисует интерфейс в графическом редакторе	B	
SQL	Junior Data Analyst	2	SINGLE_CHOICE	Инструменты	Какой инструмент чаще всего подходит для получения данных из таблицы?	A=SELECT|B=Photoshop|C=Figma|D=JOIN	A	
SQL	Junior Data Analyst	3	SINGLE_CHOICE	Базовые понятия	Что лучше всего описывает понятие «таблица»?	A=цветовая палитра приложения|B=структура хранения строк и столбцов|C=адрес сайта в браузере|D=случайная ошибка компилятора	B	
SQL	Junior Data Analyst	4	SINGLE_CHOICE	Базовые понятия	Зачем обычно используют «GROUP BY»?	A=для выбора шрифта интерфейса|B=для оплаты подписки|C=группировка строк для расчета агрегатов|D=для сжатия изображений	C	
SQL	Junior Data Analyst	5	SINGLE_CHOICE	Форматы и обмен данными	Какой формат или протокол чаще всего встречается в задачах этой роли?	A=PNG|B=MP3|C=CSV|D=DOCX	C	
SQL	Junior Data Analyst	6	SINGLE_CHOICE	Зависимости и окружение	Какой инструмент связан с зависимостями или окружением в этой категории?	A=PowerPoint|B=Telegram|C=BI-инструмент|D=Paint	C	
SQL	Junior Data Analyst	7	MULTIPLE_CHOICE	Рабочие задачи	Какие задачи относятся к работе «Junior Data Analyst»?	A=создавать мобильные экраны в Xcode|B=писать SELECT-запросы|C=объединять таблицы через JOIN|D=строить отчеты по метрикам	B,C,D	
SQL	Junior Data Analyst	8	MULTIPLE_CHOICE	Качество работы	Какие действия помогают сделать результат работы надежнее?	A=делать выводы без проверки исходных данных|B=проверять число строк после JOIN|C=проверять фильтры в WHERE|D=использовать понятные алиасы	B,C,D	
SQL	Junior Data Analyst	9	MULTIPLE_CHOICE	Инструменты и данные	Какие элементы действительно могут использоваться в работе с SQL?	A=SELECT|B=PostgreSQL|C=JOIN|D=монтаж видео в TikTok	A,B,C	
SQL	Junior Data Analyst	10	MULTIPLE_CHOICE	Понимание процесса	Что стоит сделать перед тем, как считать задачу готовой?	A=удалить проект после запуска|B=посмотреть, понятен ли результат пользователю|C=убедиться, что нет очевидных ошибок|D=проверить работу на тестовых данных	B,C,D	
SQL	Junior Data Analyst	11	MULTIPLE_CHOICE	Безопасность и ошибки	Какие действия помогают избежать типичных ошибок junior-разработчика?	A=обрабатывать ошибки|B=не доверять непроверенным входным данным|C=читать сообщения об ошибках|D=игнорировать все предупреждения	A,B,C	
SQL	Junior Data Analyst	12	MULTIPLE_CHOICE	Командная разработка	Что полезно делать при работе над проектом в команде?	A=оставлять комментарии там, где логика неочевидна|B=делать небольшие осмысленные изменения|C=менять чужой код без понимания задачи|D=писать понятные названия	A,B,D	
SQL	Junior Data Analyst	13	MATCHING	Термины и инструменты	Сопоставьте инструмент и его назначение.			SELECT=>выбор данных|WHERE=>фильтрация строк|GROUP BY=>группировка|ORDER BY=>сортировка
SQL	Junior Data Analyst	14	MATCHING	Базовые понятия	Сопоставьте термин и описание.			COUNT=>количество строк|SUM=>сумма значений|AVG=>среднее значение|JOIN=>соединение таблиц
SQL	Junior Data Analyst	15	MATCHING	Процесс работы	Сопоставьте часть процесса и ее роль.			источник данных=>таблицы в БД|запрос=>получение нужных строк|агрегация=>расчет показателей|отчет=>представление результата
SQL	Junior Data Analyst	16	SHORT_TEXT	Краткий ответ	Какой оператор SQL выбирает данные из таблицы?		SELECT	
SQL	Junior Data Analyst	17	SHORT_TEXT	Краткий ответ	Какой оператор фильтрует строки?		WHERE	
SQL	Junior Data Analyst	18	SHORT_TEXT	Краткий ответ	Какой оператор объединяет таблицы?		JOIN	
SQL	Junior Data Analyst	19	SHORT_TEXT	Краткий ответ	Как называется группировка строк в SQL?		GROUP BY	
SQL	Junior Data Analyst	20	SHORT_TEXT	Краткий ответ	Какая функция считает количество строк?		COUNT	
SQL	Junior Data Analyst	21	SHORT_TEXT	Краткий ответ	Какой оператор сортирует результат?		ORDER BY	
SQL	Backend Developer с упором на SQL	1	SINGLE_CHOICE	Роль и задачи	Что в первую очередь делает специалист «Backend Developer с упором на SQL»?	A=только рисует интерфейс в графическом редакторе|B=проектирует запросы и хранение данных для backend-приложений|C=занимается только настройкой офисной почты|D=пишет только тексты для презентаций	B	
SQL	Backend Developer с упором на SQL	2	SINGLE_CHOICE	Инструменты	Какой инструмент чаще всего подходит для выполнения нескольких операций как одного целого?	A=индекс|B=транзакция|C=Figma|D=Photoshop	B	
SQL	Backend Developer с упором на SQL	3	SINGLE_CHOICE	Базовые понятия	Что лучше всего описывает понятие «первичный ключ»?	A=случайная ошибка компилятора|B=цветовая палитра приложения|C=уникальный идентификатор строки в таблице|D=адрес сайта в браузере	C	
SQL	Backend Developer с упором на SQL	4	SINGLE_CHOICE	Базовые понятия	Зачем обычно используют «FOREIGN KEY»?	A=для выбора шрифта интерфейса|B=для оплаты подписки|C=для сжатия изображений|D=связь между таблицами через внешний ключ	D	
SQL	Backend Developer с упором на SQL	5	SINGLE_CHOICE	Форматы и обмен данными	Какой формат или протокол чаще всего встречается в задачах этой роли?	A=DOCX|B=JSON|C=MP3|D=PNG	B	
SQL	Backend Developer с упором на SQL	6	SINGLE_CHOICE	Зависимости и окружение	Какой инструмент связан с зависимостями или окружением в этой категории?	A=миграции|B=Paint|C=Telegram|D=PowerPoint	A	
SQL	Backend Developer с упором на SQL	7	MULTIPLE_CHOICE	Рабочие задачи	Какие задачи относятся к работе «Backend Developer с упором на SQL»?	A=подбирать шрифты для презентации|B=писать запросы для API|C=использовать транзакции|D=проектировать связи таблиц	B,C,D	
SQL	Backend Developer с упором на SQL	8	MULTIPLE_CHOICE	Качество работы	Какие действия помогают сделать результат работы надежнее?	A=использовать индексы для частых фильтров|B=проверять ограничения целостности|C=удалять данные без WHERE в рабочей БД|D=не делать лишние запросы в цикле	A,B,D	
SQL	Backend Developer с упором на SQL	9	MULTIPLE_CHOICE	Инструменты и данные	Какие элементы действительно могут использоваться в работе с SQL?	A=транзакция|B=монтаж видео в TikTok|C=индекс|D=PostgreSQL	A,C,D	
SQL	Backend Developer с упором на SQL	10	MULTIPLE_CHOICE	Понимание процесса	Что стоит сделать перед тем, как считать задачу готовой?	A=посмотреть, понятен ли результат пользователю|B=удалить проект после запуска|C=проверить работу на тестовых данных|D=убедиться, что нет очевидных ошибок	A,C,D	
SQL	Backend Developer с упором на SQL	11	MULTIPLE_CHOICE	Безопасность и ошибки	Какие действия помогают избежать типичных ошибок junior-разработчика?	A=не доверять непроверенным входным данным|B=обрабатывать ошибки|C=читать сообщения об ошибках|D=игнорировать все предупреждения	A,B,C	
SQL	Backend Developer с упором на SQL	12	MULTIPLE_CHOICE	Командная разработка	Что полезно делать при работе над проектом в команде?	A=менять чужой код без понимания задачи|B=писать понятные названия|C=делать небольшие осмысленные изменения|D=оставлять комментарии там, где логика неочевидна	B,C,D	
SQL	Backend Developer с упором на SQL	13	MATCHING	Термины и инструменты	Сопоставьте инструмент и его назначение.			PRIMARY KEY=>уникальный идентификатор|FOREIGN KEY=>связь с другой таблицей|INDEX=>ускорение поиска|TRANSACTION=>набор операций как единое целое
SQL	Backend Developer с упором на SQL	14	MATCHING	Базовые понятия	Сопоставьте термин и описание.			COMMIT=>зафиксировать изменения|ROLLBACK=>отменить изменения|UNIQUE=>запретить дубли|NOT NULL=>запретить пустое значение
SQL	Backend Developer с упором на SQL	15	MATCHING	Процесс работы	Сопоставьте часть процесса и ее роль.			API-запрос=>потребность клиента|SQL-запрос=>получение данных|транзакция=>безопасное изменение|ответ API=>данные для клиента
SQL	Backend Developer с упором на SQL	16	SHORT_TEXT	Краткий ответ	Как называется уникальный идентификатор строки?		PRIMARY KEY	
SQL	Backend Developer с упором на SQL	17	SHORT_TEXT	Краткий ответ	Как называется связь с другой таблицей?		FOREIGN KEY	
SQL	Backend Developer с упором на SQL	18	SHORT_TEXT	Краткий ответ	Как называется объект для ускорения поиска?		индекс	
SQL	Backend Developer с упором на SQL	19	SHORT_TEXT	Краткий ответ	Какой оператор фиксирует транзакцию?		COMMIT	
SQL	Backend Developer с упором на SQL	20	SHORT_TEXT	Краткий ответ	Какой оператор отменяет транзакцию?		ROLLBACK	
SQL	Backend Developer с упором на SQL	21	SHORT_TEXT	Краткий ответ	Какое ограничение запрещает пустые значения?		NOT NULL	
PHP	Junior PHP Developer	1	SINGLE_CHOICE	Роль и задачи	Что в первую очередь делает специалист «Junior PHP Developer»?	A=создает backend-логику, формы и web-приложения на PHP|B=пишет только тексты для презентаций|C=занимается только настройкой офисной почты|D=только рисует интерфейс в графическом редакторе	A	
PHP	Junior PHP Developer	2	SINGLE_CHOICE	Инструменты	Какой инструмент чаще всего подходит для быстрой разработки web-приложений на PHP?	A=Photoshop|B=Laravel|C=Figma|D=Composer	B	
PHP	Junior PHP Developer	3	SINGLE_CHOICE	Базовые понятия	Что лучше всего описывает понятие «массив»?	A=структура для хранения нескольких значений|B=цветовая палитра приложения|C=случайная ошибка компилятора|D=адрес сайта в браузере	A	
PHP	Junior PHP Developer	4	SINGLE_CHOICE	Базовые понятия	Зачем обычно используют «MVC»?	A=для сжатия изображений|B=для выбора шрифта интерфейса|C=для оплаты подписки|D=разделение приложения на модель, представление и контроллер	D	
PHP	Junior PHP Developer	5	SINGLE_CHOICE	Форматы и обмен данными	Какой формат или протокол чаще всего встречается в задачах этой роли?	A=DOCX|B=PNG|C=JSON|D=MP3	C	
PHP	Junior PHP Developer	6	SINGLE_CHOICE	Зависимости и окружение	Какой инструмент связан с зависимостями или окружением в этой категории?	A=Paint|B=PowerPoint|C=Telegram|D=Composer	D	
PHP	Junior PHP Developer	7	MULTIPLE_CHOICE	Рабочие задачи	Какие задачи относятся к работе «Junior PHP Developer»?	A=работать с базой данных|B=обрабатывать формы|C=создавать маршруты и контроллеры|D=настраивать микроконтроллеры	A,B,C	
PHP	Junior PHP Developer	8	MULTIPLE_CHOICE	Качество работы	Какие действия помогают сделать результат работы надежнее?	A=разделять шаблоны и логику|B=экранировать пользовательский ввод|C=использовать prepared statements или ORM|D=подставлять ввод пользователя прямо в SQL	A,B,C	
PHP	Junior PHP Developer	9	MULTIPLE_CHOICE	Инструменты и данные	Какие элементы действительно могут использоваться в работе с PHP?	A=Laravel|B=MySQL|C=Composer|D=монтаж видео в TikTok	A,B,C	
PHP	Junior PHP Developer	10	MULTIPLE_CHOICE	Понимание процесса	Что стоит сделать перед тем, как считать задачу готовой?	A=удалить проект после запуска|B=посмотреть, понятен ли результат пользователю|C=проверить работу на тестовых данных|D=убедиться, что нет очевидных ошибок	B,C,D	
PHP	Junior PHP Developer	11	MULTIPLE_CHOICE	Безопасность и ошибки	Какие действия помогают избежать типичных ошибок junior-разработчика?	A=читать сообщения об ошибках|B=игнорировать все предупреждения|C=не доверять непроверенным входным данным|D=обрабатывать ошибки	A,C,D	
PHP	Junior PHP Developer	12	MULTIPLE_CHOICE	Командная разработка	Что полезно делать при работе над проектом в команде?	A=писать понятные названия|B=менять чужой код без понимания задачи|C=оставлять комментарии там, где логика неочевидна|D=делать небольшие осмысленные изменения	A,C,D	
PHP	Junior PHP Developer	13	MATCHING	Термины и инструменты	Сопоставьте инструмент и его назначение.			Laravel=>PHP-фреймворк|Composer=>пакеты и зависимости|Blade=>шаблоны Laravel|Eloquent=>ORM Laravel
PHP	Junior PHP Developer	14	MATCHING	Базовые понятия	Сопоставьте термин и описание.			Route=>связь URL и обработчика|Controller=>обработка запроса|Model=>данные приложения|View=>отображение страницы
PHP	Junior PHP Developer	15	MATCHING	Процесс работы	Сопоставьте часть процесса и ее роль.			форма=>ввод пользователя|валидация=>проверка данных|контроллер=>обработка|БД=>сохранение данных
PHP	Junior PHP Developer	16	SHORT_TEXT	Краткий ответ	Как называется популярный PHP-фреймворк для web-разработки?		Laravel	
PHP	Junior PHP Developer	17	SHORT_TEXT	Краткий ответ	Как называется менеджер пакетов PHP?		Composer	
PHP	Junior PHP Developer	18	SHORT_TEXT	Краткий ответ	Как называется шаблонизатор Laravel?		Blade	
PHP	Junior PHP Developer	19	SHORT_TEXT	Краткий ответ	Как называется ORM Laravel?		Eloquent	
PHP	Junior PHP Developer	20	SHORT_TEXT	Краткий ответ	Какой суперглобальный массив содержит POST-данные?		$_POST	
PHP	Junior PHP Developer	21	SHORT_TEXT	Краткий ответ	Как называется архитектурный паттерн Model-View-Controller?		MVC	
PHP	WordPress Developer	1	SINGLE_CHOICE	Роль и задачи	Что в первую очередь делает специалист «WordPress Developer»?	A=создает темы, плагины и дорабатывает сайты на WordPress|B=только рисует интерфейс в графическом редакторе|C=занимается только настройкой офисной почты|D=пишет только тексты для презентаций	A	
PHP	WordPress Developer	2	SINGLE_CHOICE	Инструменты	Какой инструмент чаще всего подходит для создания и управления сайтами?	A=Figma|B=плагин|C=WordPress|D=Photoshop	C	
PHP	WordPress Developer	3	SINGLE_CHOICE	Базовые понятия	Что лучше всего описывает понятие «тема»?	A=адрес сайта в браузере|B=набор файлов, который отвечает за внешний вид сайта|C=цветовая палитра приложения|D=случайная ошибка компилятора	B	
PHP	WordPress Developer	4	SINGLE_CHOICE	Базовые понятия	Зачем обычно используют «hook»?	A=точка, в которую можно подключить свой код|B=для выбора шрифта интерфейса|C=для оплаты подписки|D=для сжатия изображений	A	
PHP	WordPress Developer	5	SINGLE_CHOICE	Форматы и обмен данными	Какой формат или протокол чаще всего встречается в задачах этой роли?	A=HTML|B=PNG|C=DOCX|D=MP3	A	
PHP	WordPress Developer	6	SINGLE_CHOICE	Зависимости и окружение	Какой инструмент связан с зависимостями или окружением в этой категории?	A=Telegram|B=Paint|C=PowerPoint|D=ACF	D	
PHP	WordPress Developer	7	MULTIPLE_CHOICE	Рабочие задачи	Какие задачи относятся к работе «WordPress Developer»?	A=создавать темы|B=работать с шаблонами и хуками|C=писать драйверы для видеокарты|D=дорабатывать плагины	A,B,D	
PHP	WordPress Developer	8	MULTIPLE_CHOICE	Качество работы	Какие действия помогают сделать результат работы надежнее?	A=использовать child theme для правок|B=не менять файлы ядра WordPress|C=редактировать ядро WordPress ради простой правки|D=проверять безопасность пользовательского ввода	A,B,D	
PHP	WordPress Developer	9	MULTIPLE_CHOICE	Инструменты и данные	Какие элементы действительно могут использоваться в работе с PHP?	A=монтаж видео в TikTok|B=MySQL|C=WordPress|D=плагин	B,C,D	
PHP	WordPress Developer	10	MULTIPLE_CHOICE	Понимание процесса	Что стоит сделать перед тем, как считать задачу готовой?	A=убедиться, что нет очевидных ошибок|B=проверить работу на тестовых данных|C=посмотреть, понятен ли результат пользователю|D=удалить проект после запуска	A,B,C	
PHP	WordPress Developer	11	MULTIPLE_CHOICE	Безопасность и ошибки	Какие действия помогают избежать типичных ошибок junior-разработчика?	A=читать сообщения об ошибках|B=игнорировать все предупреждения|C=обрабатывать ошибки|D=не доверять непроверенным входным данным	A,C,D	
PHP	WordPress Developer	12	MULTIPLE_CHOICE	Командная разработка	Что полезно делать при работе над проектом в команде?	A=писать понятные названия|B=оставлять комментарии там, где логика неочевидна|C=делать небольшие осмысленные изменения|D=менять чужой код без понимания задачи	A,B,C	
PHP	WordPress Developer	13	MATCHING	Термины и инструменты	Сопоставьте инструмент и его назначение.			theme=>внешний вид сайта|plugin=>дополнительная функция|hook=>точка подключения кода|ACF=>кастомные поля
PHP	WordPress Developer	14	MATCHING	Базовые понятия	Сопоставьте термин и описание.			action=>выполнение кода в момент события|filter=>изменение значения перед выводом|WP_Query=>получение записей|shortcode=>вставка функции в контент
PHP	WordPress Developer	15	MATCHING	Процесс работы	Сопоставьте часть процесса и ее роль.			template=>файл вывода страницы|functions.php=>код темы|admin panel=>управление контентом|database=>хранение записей
PHP	WordPress Developer	16	SHORT_TEXT	Краткий ответ	Как называется система управления сайтами на PHP?		WordPress	
PHP	WordPress Developer	17	SHORT_TEXT	Краткий ответ	Как называется расширение функциональности WordPress?		плагин	
PHP	WordPress Developer	18	SHORT_TEXT	Краткий ответ	Как называется набор файлов внешнего вида сайта?		тема	
PHP	WordPress Developer	19	SHORT_TEXT	Краткий ответ	Как называется точка подключения своего кода?		hook	
PHP	WordPress Developer	20	SHORT_TEXT	Краткий ответ	Какой инструмент часто используют для кастомных полей?		ACF	
PHP	WordPress Developer	21	SHORT_TEXT	Краткий ответ	Как называется класс для выборки записей WordPress?		WP_Query	
JavaScript	Frontend Developer	1	SINGLE_CHOICE	Роль и задачи	Что в первую очередь делает специалист «Frontend Developer»?	A=создает интерфейсы, работает с HTML/CSS, JavaScript и API|B=пишет только тексты для презентаций|C=только рисует интерфейс в графическом редакторе|D=занимается только настройкой офисной почты	A	
JavaScript	Frontend Developer	2	SINGLE_CHOICE	Инструменты	Какой инструмент чаще всего подходит для создания интерактивных интерфейсов?	A=fetch|B=React|C=Figma|D=Photoshop	B	
JavaScript	Frontend Developer	3	SINGLE_CHOICE	Базовые понятия	Что лучше всего описывает понятие «компонент»?	A=адрес сайта в браузере|B=цветовая палитра приложения|C=переиспользуемая часть интерфейса|D=случайная ошибка компилятора	C	
JavaScript	Frontend Developer	4	SINGLE_CHOICE	Базовые понятия	Зачем обычно используют «state»?	A=для сжатия изображений|B=данные, от которых зависит отображение компонента|C=для выбора шрифта интерфейса|D=для оплаты подписки	B	
JavaScript	Frontend Developer	5	SINGLE_CHOICE	Форматы и обмен данными	Какой формат или протокол чаще всего встречается в задачах этой роли?	A=JSON|B=PNG|C=MP3|D=DOCX	A	
JavaScript	Frontend Developer	6	SINGLE_CHOICE	Зависимости и окружение	Какой инструмент связан с зависимостями или окружением в этой категории?	A=PowerPoint|B=npm|C=Telegram|D=Paint	B	
JavaScript	Frontend Developer	7	MULTIPLE_CHOICE	Рабочие задачи	Какие задачи относятся к работе «Frontend Developer»?	A=получать данные через API|B=администрировать PostgreSQL-сервер|C=обрабатывать события пользователя|D=верстать интерфейс	A,C,D	
JavaScript	Frontend Developer	8	MULTIPLE_CHOICE	Качество работы	Какие действия помогают сделать результат работы надежнее?	A=оставлять ошибки API без сообщения пользователю|B=обрабатывать состояние загрузки|C=проверять данные перед выводом|D=разделять интерфейс на компоненты	B,C,D	
JavaScript	Frontend Developer	9	MULTIPLE_CHOICE	Инструменты и данные	Какие элементы действительно могут использоваться в работе с JavaScript?	A=localStorage|B=React|C=монтаж видео в TikTok|D=fetch	A,B,D	
JavaScript	Frontend Developer	10	MULTIPLE_CHOICE	Понимание процесса	Что стоит сделать перед тем, как считать задачу готовой?	A=удалить проект после запуска|B=посмотреть, понятен ли результат пользователю|C=убедиться, что нет очевидных ошибок|D=проверить работу на тестовых данных	B,C,D	
JavaScript	Frontend Developer	11	MULTIPLE_CHOICE	Безопасность и ошибки	Какие действия помогают избежать типичных ошибок junior-разработчика?	A=игнорировать все предупреждения|B=не доверять непроверенным входным данным|C=обрабатывать ошибки|D=читать сообщения об ошибках	B,C,D	
JavaScript	Frontend Developer	12	MULTIPLE_CHOICE	Командная разработка	Что полезно делать при работе над проектом в команде?	A=писать понятные названия|B=менять чужой код без понимания задачи|C=делать небольшие осмысленные изменения|D=оставлять комментарии там, где логика неочевидна	A,C,D	
JavaScript	Frontend Developer	13	MATCHING	Термины и инструменты	Сопоставьте инструмент и его назначение.			React=>библиотека интерфейсов|component=>часть UI|state=>данные компонента|props=>данные от родителя
JavaScript	Frontend Developer	14	MATCHING	Базовые понятия	Сопоставьте термин и описание.			click event=>действие пользователя|fetch=>HTTP-запрос|DOM=>структура страницы|render=>вывод интерфейса
JavaScript	Frontend Developer	15	MATCHING	Процесс работы	Сопоставьте часть процесса и ее роль.			API=>источник данных|state=>хранение на клиенте|component=>отображение|event=>реакция на действие
JavaScript	Frontend Developer	16	SHORT_TEXT	Краткий ответ	Как называется популярная JS-библиотека для интерфейсов?		React	
JavaScript	Frontend Developer	17	SHORT_TEXT	Краткий ответ	Как называется структура HTML-страницы в браузере?		DOM	
JavaScript	Frontend Developer	18	SHORT_TEXT	Краткий ответ	Как называется команда установки пакетов Node.js?		npm	
JavaScript	Frontend Developer	19	SHORT_TEXT	Краткий ответ	Какой метод часто используют для HTTP-запросов в браузере?		fetch	
JavaScript	Frontend Developer	20	SHORT_TEXT	Краткий ответ	Как называются данные, передаваемые компоненту React?		props	
JavaScript	Frontend Developer	21	SHORT_TEXT	Краткий ответ	Как называется внутреннее состояние компонента?		state	
JavaScript	Backend Node.js Developer	1	SINGLE_CHOICE	Роль и задачи	Что в первую очередь делает специалист «Backend Node.js Developer»?	A=только рисует интерфейс в графическом редакторе|B=пишет только тексты для презентаций|C=занимается только настройкой офисной почты|D=создает серверные приложения и API на JavaScript/Node.js	D	
JavaScript	Backend Node.js Developer	2	SINGLE_CHOICE	Инструменты	Какой инструмент чаще всего подходит для создания HTTP API на Node.js?	A=Node.js|B=Figma|C=Photoshop|D=Express	D	
JavaScript	Backend Node.js Developer	3	SINGLE_CHOICE	Базовые понятия	Что лучше всего описывает понятие «middleware»?	A=цветовая палитра приложения|B=случайная ошибка компилятора|C=адрес сайта в браузере|D=функция, которая обрабатывает запрос до контроллера или после него	D	
JavaScript	Backend Node.js Developer	4	SINGLE_CHOICE	Базовые понятия	Зачем обычно используют «Promise»?	A=для сжатия изображений|B=для оплаты подписки|C=объект для работы с асинхронным результатом|D=для выбора шрифта интерфейса	C	
JavaScript	Backend Node.js Developer	5	SINGLE_CHOICE	Форматы и обмен данными	Какой формат или протокол чаще всего встречается в задачах этой роли?	A=MP3|B=DOCX|C=PNG|D=JSON	D	
JavaScript	Backend Node.js Developer	6	SINGLE_CHOICE	Зависимости и окружение	Какой инструмент связан с зависимостями или окружением в этой категории?	A=npm|B=Paint|C=PowerPoint|D=Telegram	A	
JavaScript	Backend Node.js Developer	7	MULTIPLE_CHOICE	Рабочие задачи	Какие задачи относятся к работе «Backend Node.js Developer»?	A=работать с базой данных|B=рисовать иконки в графическом редакторе|C=создавать API-маршруты|D=обрабатывать асинхронные запросы	A,C,D	
JavaScript	Backend Node.js Developer	8	MULTIPLE_CHOICE	Качество работы	Какие действия помогают сделать результат работы надежнее?	A=не хранить секреты в репозитории|B=обрабатывать ошибки async-кода|C=возвращать пользователю stack trace ошибки|D=валидировать body запроса	A,B,D	
JavaScript	Backend Node.js Developer	9	MULTIPLE_CHOICE	Инструменты и данные	Какие элементы действительно могут использоваться в работе с JavaScript?	A=монтаж видео в TikTok|B=MongoDB/PostgreSQL|C=Node.js|D=Express	B,C,D	
JavaScript	Backend Node.js Developer	10	MULTIPLE_CHOICE	Понимание процесса	Что стоит сделать перед тем, как считать задачу готовой?	A=убедиться, что нет очевидных ошибок|B=проверить работу на тестовых данных|C=посмотреть, понятен ли результат пользователю|D=удалить проект после запуска	A,B,C	
JavaScript	Backend Node.js Developer	11	MULTIPLE_CHOICE	Безопасность и ошибки	Какие действия помогают избежать типичных ошибок junior-разработчика?	A=не доверять непроверенным входным данным|B=игнорировать все предупреждения|C=читать сообщения об ошибках|D=обрабатывать ошибки	A,C,D	
JavaScript	Backend Node.js Developer	12	MULTIPLE_CHOICE	Командная разработка	Что полезно делать при работе над проектом в команде?	A=менять чужой код без понимания задачи|B=делать небольшие осмысленные изменения|C=оставлять комментарии там, где логика неочевидна|D=писать понятные названия	B,C,D	
JavaScript	Backend Node.js Developer	13	MATCHING	Термины и инструменты	Сопоставьте инструмент и его назначение.			Node.js=>запуск JS на сервере|Express=>создание HTTP API|middleware=>промежуточная обработка|npm=>пакеты и скрипты
JavaScript	Backend Node.js Developer	14	MATCHING	Базовые понятия	Сопоставьте термин и описание.			Promise=>асинхронный результат|async/await=>удобная запись асинхронного кода|route=>путь API|JSON=>формат обмена данными
JavaScript	Backend Node.js Developer	15	MATCHING	Процесс работы	Сопоставьте часть процесса и ее роль.			request=>запрос клиента|middleware=>проверка и подготовка|handler=>логика ответа|response=>ответ клиенту
JavaScript	Backend Node.js Developer	16	SHORT_TEXT	Краткий ответ	Как называется среда запуска JavaScript на сервере?		Node.js	
JavaScript	Backend Node.js Developer	17	SHORT_TEXT	Краткий ответ	Как называется популярный фреймворк для API в Node.js?		Express	
JavaScript	Backend Node.js Developer	18	SHORT_TEXT	Краткий ответ	Какой формат часто используют в REST API?		JSON	
JavaScript	Backend Node.js Developer	19	SHORT_TEXT	Краткий ответ	Как называется промежуточная функция обработки запроса?		middleware	
JavaScript	Backend Node.js Developer	20	SHORT_TEXT	Краткий ответ	Как называется объект асинхронного результата?		Promise	
JavaScript	Backend Node.js Developer	21	SHORT_TEXT	Краткий ответ	Какой инструмент управляет пакетами Node.js?		npm	
GO	Junior Go Developer	1	SINGLE_CHOICE	Роль и задачи	Что в первую очередь делает специалист «Junior Go Developer»?	A=пишет только тексты для презентаций|B=занимается только настройкой офисной почты|C=только рисует интерфейс в графическом редакторе|D=создает простые сервисы, HTTP-серверы и утилиты на Go	D	
GO	Junior Go Developer	2	SINGLE_CHOICE	Инструменты	Какой инструмент чаще всего подходит для запуска легковесного параллельного выполнения?	A=Photoshop|B=Figma|C=channel|D=goroutine	D	
GO	Junior Go Developer	3	SINGLE_CHOICE	Базовые понятия	Что лучше всего описывает понятие «struct»?	A=цветовая палитра приложения|B=структура данных с полями|C=адрес сайта в браузере|D=случайная ошибка компилятора	B	
GO	Junior Go Developer	4	SINGLE_CHOICE	Базовые понятия	Зачем обычно используют «interface»?	A=для сжатия изображений|B=для выбора шрифта интерфейса|C=набор методов, который описывает поведение|D=для оплаты подписки	C	
GO	Junior Go Developer	5	SINGLE_CHOICE	Форматы и обмен данными	Какой формат или протокол чаще всего встречается в задачах этой роли?	A=JSON|B=PNG|C=MP3|D=DOCX	A	
GO	Junior Go Developer	6	SINGLE_CHOICE	Зависимости и окружение	Какой инструмент связан с зависимостями или окружением в этой категории?	A=Telegram|B=go mod|C=Paint|D=PowerPoint	B	
GO	Junior Go Developer	7	MULTIPLE_CHOICE	Рабочие задачи	Какие задачи относятся к работе «Junior Go Developer»?	A=создавать CSS-анимации для сайта|B=использовать горутины для параллельных задач|C=работать со структурами|D=писать HTTP-обработчики	B,C,D	
GO	Junior Go Developer	8	MULTIPLE_CHOICE	Качество работы	Какие действия помогают сделать результат работы надежнее?	A=проверять error после вызова функции|B=держать код простым и читаемым|C=игнорировать возвращаемые ошибки|D=использовать context для отмены операций	A,B,D	
GO	Junior Go Developer	9	MULTIPLE_CHOICE	Инструменты и данные	Какие элементы действительно могут использоваться в работе с Go?	A=монтаж видео в TikTok|B=channel|C=goroutine|D=PostgreSQL	B,C,D	
GO	Junior Go Developer	10	MULTIPLE_CHOICE	Понимание процесса	Что стоит сделать перед тем, как считать задачу готовой?	A=удалить проект после запуска|B=убедиться, что нет очевидных ошибок|C=проверить работу на тестовых данных|D=посмотреть, понятен ли результат пользователю	B,C,D	
GO	Junior Go Developer	11	MULTIPLE_CHOICE	Безопасность и ошибки	Какие действия помогают избежать типичных ошибок junior-разработчика?	A=обрабатывать ошибки|B=читать сообщения об ошибках|C=игнорировать все предупреждения|D=не доверять непроверенным входным данным	A,B,D	
GO	Junior Go Developer	12	MULTIPLE_CHOICE	Командная разработка	Что полезно делать при работе над проектом в команде?	A=писать понятные названия|B=менять чужой код без понимания задачи|C=делать небольшие осмысленные изменения|D=оставлять комментарии там, где логика неочевидна	A,C,D	
GO	Junior Go Developer	13	MATCHING	Термины и инструменты	Сопоставьте инструмент и его назначение.			goroutine=>параллельное выполнение|channel=>обмен данными|struct=>набор полей|interface=>набор методов
GO	Junior Go Developer	14	MATCHING	Базовые понятия	Сопоставьте термин и описание.			package=>организация кода|go mod=>модули и зависимости|defer=>отложенный вызов|error=>значение ошибки
GO	Junior Go Developer	15	MATCHING	Процесс работы	Сопоставьте часть процесса и ее роль.			handler=>обработка HTTP-запроса|service=>бизнес-логика|repository=>доступ к данным|response=>ответ клиенту
GO	Junior Go Developer	16	SHORT_TEXT	Краткий ответ	Как называется легковесный параллельный запуск в Go?		goroutine	
GO	Junior Go Developer	17	SHORT_TEXT	Краткий ответ	Как называется механизм обмена между горутинами?		channel	
GO	Junior Go Developer	18	SHORT_TEXT	Краткий ответ	Как называется структура с полями в Go?		struct	
GO	Junior Go Developer	19	SHORT_TEXT	Краткий ответ	Как называется файл модуля Go?		go.mod	
GO	Junior Go Developer	20	SHORT_TEXT	Краткий ответ	Какое ключевое слово откладывает вызов функции?		defer	
GO	Junior Go Developer	21	SHORT_TEXT	Краткий ответ	Как называется тип для ошибки в Go?		error	
GO	Backend Developer Go	1	SINGLE_CHOICE	Роль и задачи	Что в первую очередь делает специалист «Backend Developer Go»?	A=разрабатывает backend-сервисы, микросервисы и API на Go|B=только рисует интерфейс в графическом редакторе|C=занимается только настройкой офисной почты|D=пишет только тексты для презентаций	A	
GO	Backend Developer Go	2	SINGLE_CHOICE	Инструменты	Какой инструмент чаще всего подходит для создания HTTP-сервера на Go?	A=context|B=Figma|C=net/http|D=Photoshop	C	
GO	Backend Developer Go	3	SINGLE_CHOICE	Базовые понятия	Что лучше всего описывает понятие «DTO»?	A=случайная ошибка компилятора|B=цветовая палитра приложения|C=структура для передачи данных между слоями или через API|D=адрес сайта в браузере	C	
GO	Backend Developer Go	4	SINGLE_CHOICE	Базовые понятия	Зачем обычно используют «микросервис»?	A=небольшой самостоятельный сервис с отдельной ответственностью|B=для сжатия изображений|C=для оплаты подписки|D=для выбора шрифта интерфейса	A	
GO	Backend Developer Go	5	SINGLE_CHOICE	Форматы и обмен данными	Какой формат или протокол чаще всего встречается в задачах этой роли?	A=JSON|B=MP3|C=PNG|D=DOCX	A	
GO	Backend Developer Go	6	SINGLE_CHOICE	Зависимости и окружение	Какой инструмент связан с зависимостями или окружением в этой категории?	A=go mod|B=Paint|C=PowerPoint|D=Telegram	A	
GO	Backend Developer Go	7	MULTIPLE_CHOICE	Рабочие задачи	Какие задачи относятся к работе «Backend Developer Go»?	A=создавать HTTP API|B=работать с БД|C=создавать 3D-модели для игры|D=делить приложение на слои	A,B,D	
GO	Backend Developer Go	8	MULTIPLE_CHOICE	Качество работы	Какие действия помогают сделать результат работы надежнее?	A=использовать context в запросах|B=завершать приложение при любой ошибке пользователя|C=возвращать понятные HTTP-статусы|D=логировать важные ошибки	A,C,D	
GO	Backend Developer Go	9	MULTIPLE_CHOICE	Инструменты и данные	Какие элементы действительно могут использоваться в работе с Go?	A=монтаж видео в TikTok|B=PostgreSQL|C=net/http|D=context	B,C,D	
GO	Backend Developer Go	10	MULTIPLE_CHOICE	Понимание процесса	Что стоит сделать перед тем, как считать задачу готовой?	A=убедиться, что нет очевидных ошибок|B=удалить проект после запуска|C=проверить работу на тестовых данных|D=посмотреть, понятен ли результат пользователю	A,C,D	
GO	Backend Developer Go	11	MULTIPLE_CHOICE	Безопасность и ошибки	Какие действия помогают избежать типичных ошибок junior-разработчика?	A=читать сообщения об ошибках|B=игнорировать все предупреждения|C=обрабатывать ошибки|D=не доверять непроверенным входным данным	A,C,D	
GO	Backend Developer Go	12	MULTIPLE_CHOICE	Командная разработка	Что полезно делать при работе над проектом в команде?	A=писать понятные названия|B=делать небольшие осмысленные изменения|C=менять чужой код без понимания задачи|D=оставлять комментарии там, где логика неочевидна	A,B,D	
GO	Backend Developer Go	13	MATCHING	Термины и инструменты	Сопоставьте инструмент и его назначение.			net/http=>HTTP-сервер|context=>отмена и таймауты|json=>кодирование данных|database/sql=>работа с SQL-БД
GO	Backend Developer Go	14	MATCHING	Базовые понятия	Сопоставьте термин и описание.			handler=>точка обработки запроса|repository=>доступ к данным|service=>бизнес-логика|middleware=>общая обработка запроса
GO	Backend Developer Go	15	MATCHING	Процесс работы	Сопоставьте часть процесса и ее роль.			HTTP request=>входящий запрос|handler=>разбор запроса|service=>логика операции|database=>хранение данных
GO	Backend Developer Go	16	SHORT_TEXT	Краткий ответ	Какой стандартный пакет Go используют для HTTP-сервера?		net/http	
GO	Backend Developer Go	17	SHORT_TEXT	Краткий ответ	Какой пакет используют для SQL-базы на стандартной библиотеке?		database/sql	
GO	Backend Developer Go	18	SHORT_TEXT	Краткий ответ	Какой формат часто используют в API?		JSON	
GO	Backend Developer Go	19	SHORT_TEXT	Краткий ответ	Как называется передача отмены и таймаута запроса?		context	
GO	Backend Developer Go	20	SHORT_TEXT	Краткий ответ	Как называется слой с бизнес-логикой?		service	
GO	Backend Developer Go	21	SHORT_TEXT	Краткий ответ	Как называется небольшая самостоятельная backend-служба?		микросервис	
